{
    "status": "ok",
    "totalResults": 30,
    "articles": [
        {
            "source": {
                "id": null,
                "name": "Rappler"
            },
            "author": "Rappler.com",
            "title": "The Weeknd to boycott Grammys starting 2021",
            "description": "After his Grammys 2021 nominations snub, the R&B artist says he will no longer allow his label to submit his music to the Grammys from now on",
            "url": "https://www.rappler.com/entertainment/music/the-weeknd-boycott-future-grammy-awards-starting-2021",
            "urlToImage": "https://assets2.rappler.com/2021/03/Screen-Shot-2021-03-12-at-11.12.08-AM-1615518762063.png",
            "publishedAt": "2021-03-12T06:58:45Z",
            "content": "\"But I will say that we are constantly evolving. And this year, as in past years, we are going to take a hard look at how to improve our awards process, including the nomination review committees,\" h… [+7 chars]"
        },
        {
            "source": {
                "id": null,
                "name": "Rappler"
            },
            "author": "Ralf Rivas",
            "title": "ADB loans Philippines $400 million for COVID-19 vaccines",
            "description": "This loan agreement with the Asian Development Bank specifies that the ADB will pay vaccine suppliers directly",
            "url": "https://www.rappler.com/business/asian-development-bank-loan-philippines-covid-19-vaccines-march-2021",
            "urlToImage": "https://assets2.rappler.com/2021/03/astrazeneca-vaccine-ospital-maynila-covid-19-march-9-2021-001-1615520991160.jpg",
            "publishedAt": "2021-03-12T04:10:02Z",
            "content": "A sociologist by heart, a journalist by profession. Ralf is Rappler's business reporter, covering macroeconomy, government finance, companies, and agriculture."
        },
        {
            "source": {
                "id": null,
                "name": "Rappler"
            },
            "author": "Ralf Rivas",
            "title": "World Bank approves $500-million loan for Philippines’ COVID-19 vaccines",
            "description": "The financing also supports other public health measures, including the use of web platforms to gather feedback on the vaccination program",
            "url": "https://www.rappler.com/business/world-bank-approves-loan-philippines-covid-19-vaccines-march-2021",
            "urlToImage": "https://assets2.rappler.com/2021/03/csmc-covid-19-vaccination-march-6-2021-002-1615518535884.jpg",
            "publishedAt": "2021-03-12T03:20:51Z",
            "content": "\"Procuring and administering vaccines provides the country an added layer of defense against COVID-19 on top of public health measures or interventions like social distancing, wearing of masks, and w… [+108 chars]"
        },
        {
            "source": {
                "id": null,
                "name": "Rappler"
            },
            "author": "Thomson Reuters Foundation",
            "title": "UK urged to create garment industry watchdog to tackle labor abuses",
            "description": "Lawmakers call on the British government to set up a Garment Trade Adjudicator to ensure retailers treat their supplier factories fairly",
            "url": "https://www.rappler.com/business/uk-urged-create-garment-industry-watchdog-tackle-labor-abuses",
            "urlToImage": "https://assets2.rappler.com/2021/03/uk-garment-factory-january-8-2016-reuters-1615517706951.jpg",
            "publishedAt": "2021-03-12T02:55:48Z",
            "content": "Britain needs a garment industry watchdog to stop labor abuses, from low pay to poor working conditions, lawmakers said on Friday, March 12, citing concerns over a lack of progress in tackling exploi… [+52 chars]"
        },
        {
            "source": {
                "id": null,
                "name": "Rappler"
            },
            "author": "Reuters",
            "title": "SoftBank-backed Grab in talks to go public in nearly $40-B SPAC deal – sources",
            "description": "Grab is expected to raise between $3 billion and $4 billion from private investors, according to a report",
            "url": "https://www.rappler.com/technology/softbank-grab-public-listing-talks-spac-deal",
            "urlToImage": "https://assets2.rappler.com/2021/01/reuters-20210118-grab-1615514714342.jpg",
            "publishedAt": "2021-03-12T02:07:29Z",
            "content": "Grab Holdings Inc is in talks to go public through a merger with a special purpose acquisition company that could value the ride-hailing giant at nearly $40 billion, making it the largest ever blank-… [+70 chars]"
        },
        {
            "source": {
                "id": null,
                "name": "Rappler"
            },
            "author": "Reuters",
            "title": "German industry urges EU to toughen response to unfair Chinese trade practices",
            "description": "Germany's BDI industry association says China must do more to live up to its promises of opening up its economy",
            "url": "https://www.rappler.com/business/german-industry-urges-european-union-toughen-response-unfair-chinese-trade-practices",
            "urlToImage": "https://assets2.rappler.com/2021/03/china-trade-october-19-2020-reuters-1615513426299.jpg",
            "publishedAt": "2021-03-12T01:46:00Z",
            "content": "China on Thursday concluded its annual, weeklong session of the National People's Congress in which it set a modest growth target for 2021, unveiled changes to Hong Kong's electoral system, and laid … [+62 chars]"
        },
        {
            "source": {
                "id": null,
                "name": "Rappler"
            },
            "author": "Reuters",
            "title": "World stock markets hit 2-week high as inflation worries abate",
            "description": "On Wall Street, the easing inflation worry helps support equities, with the highly valued technology sector leading the way higher",
            "url": "https://www.rappler.com/business/updates-global-stock-markets-march-11-2021",
            "urlToImage": "https://assets2.rappler.com/2021/03/stock-market-february-18-2021-reuters-1615512710460.jpg",
            "publishedAt": "2021-03-12T01:35:16Z",
            "content": "The Dow Jones Industrial Average rose 188.57 points, or 0.58%, to 32,485.59, the S&amp;P 500 gained 40.46 points, or 1.04%, to 3,939.27, and the Nasdaq Composite added 329.84 points, or 2.52%, to 13,… [+6 chars]"
        },
        {
            "source": {
                "id": null,
                "name": "Rappler"
            },
            "author": "Reuters",
            "title": "US weekly jobless claims at 4-month low; labor market regaining footing",
            "description": "While jobless claims are down in the United States, a full recovery from the deep scars inflicted by the COVID-19 pandemic will probably take years",
            "url": "https://www.rappler.com/business/united-states-filing-unemployment-benefits-february-28-march-6-2021",
            "urlToImage": "https://assets2.rappler.com/2021/03/united-states-unemployment-march-11-2021-reuters-1615511889761.jpg",
            "publishedAt": "2021-03-12T01:20:21Z",
            "content": "\"We're likely on the verge of much lower unemployment claims, but we're not there yet,\" said Robert Frick, economist at Navy Federal Credit Union in Vienna, Virginia. \"Assuming COVID-19 infections an… [+98 chars]"
        },
        {
            "source": {
                "id": null,
                "name": "Rappler"
            },
            "author": "Reuters",
            "title": "British American Tobacco tries Canadian pot luck",
            "description": "British American Tobacco will acquire a stake in Organigram, which grows cannabis and makes cannabis-derived products in Canada",
            "url": "https://www.rappler.com/business/british-american-tobacco-to-buy-stake-cannabis-producer-organigram",
            "urlToImage": "https://assets2.rappler.com/2021/03/cannabis-july-31-2013-reuters-1615475594213.jpg",
            "publishedAt": "2021-03-11T15:15:15Z",
            "content": "\"As global cannabis deregulation gains pace, led by the US, we have been approached by an increasing number of Big Tobacco, Big Pharma, and leading FMCG companies, looking to invest in the cannabis s… [+108 chars]"
        },
        {
            "source": {
                "id": null,
                "name": "Rappler"
            },
            "author": "Reuters",
            "title": "EU study finds COVID-19 has already wiped out 6 million jobs",
            "description": "EU agency Eurofound notes that 'younger workers experienced the sharpest declines in employment,' risking another 'lost generation'",
            "url": "https://www.rappler.com/business/eurofound-covid-19-implications-employment-working-life-study-march-11-2021",
            "urlToImage": "https://assets2.rappler.com/2021/03/spain-businesses-february-2-2021-reuters-1615472924137.jpg",
            "publishedAt": "2021-03-11T14:35:33Z",
            "content": "Eurofound, an EU agency dedicated to monitoring and improving living and working conditions in the 27-nation bloc, said the number of temporary contracts sank by 17%, with Spain, France, Poland, Ital… [+30 chars]"
        },
        {
            "source": {
                "id": null,
                "name": "Rappler"
            },
            "author": "Reuters",
            "title": "BMW says wind at its back after pandemic dents 2020 profit",
            "description": "BMW posts a pre-tax profit of 5.2 billion euros ($6.22 billion) in 2020, down nearly 27%",
            "url": "https://www.rappler.com/business/bmw-earnings-report-january-december-2020",
            "urlToImage": "https://assets2.rappler.com/2021/03/bmw-march-20-2019-reuters-1615470439784.jpg",
            "publishedAt": "2021-03-11T13:55:29Z",
            "content": "Investments in electrification, self-driving technology, and connectivity meant that research and development costs remained high at 5.7 billion euros ($6.8 billion), though more than 4% below the ne… [+46 chars]"
        },
        {
            "source": {
                "id": null,
                "name": "Rappler"
            },
            "author": "Reuters",
            "title": "Greece extends pandemic support in ‘titanic effort’ to shield economy",
            "description": "The total amount to support Greek businesses and jobs in 2021 would increase to 11.6 billion euros",
            "url": "https://www.rappler.com/business/greece-extends-coronavirus-pandemic-support-titanic-effort-shield-economy-march-2021",
            "urlToImage": "https://assets2.rappler.com/2021/03/greece-economy-march-10-2021-reuters-1615469044417.jpg",
            "publishedAt": "2021-03-11T13:30:24Z",
            "content": "Greece reported 2,633 COVID-19 cases on Wednesday, March 10, and 43 deaths, bringing total infections since the first case was detected in February last year to 212,091 and COVID-19-related deaths to… [+18 chars]"
        },
        {
            "source": {
                "id": null,
                "name": "Rappler"
            },
            "author": "Reuters",
            "title": "Digital shift, vaccines help advertising giant WPP plot path to recovery",
            "description": "WPP, owner of the Ogilvy, Grey, and GroupM agencies, forecasts a return to growth in the 2nd quarter of 2021",
            "url": "https://www.rappler.com/business/wpp-earnings-report-q4-2020",
            "urlToImage": "https://assets2.rappler.com/2021/03/wpp-july-17-2019-reuters-1615467657235.jpg",
            "publishedAt": "2021-03-11T13:15:31Z",
            "content": "It said it had secured a \"market-leading\" $4.4 billion of net new business from companies including Alibaba, HSBC, Intel, Uber, and Unilever. WPP shares hit a year-high, and were last up 1.3%, giving… [+45 chars]"
        },
        {
            "source": {
                "id": null,
                "name": "Rappler"
            },
            "author": "Reuters",
            "title": "Chinese premier rejects idea that 2021 GDP growth target too ‘low’",
            "description": "'It is only with a steady pace that we will be firm in our steps,' says Chinese Premier Li Keqiang",
            "url": "https://www.rappler.com/business/china-li-keqiang-rejects-idea-2021-gdp-growth-target-too-low",
            "urlToImage": "https://assets2.rappler.com/2021/03/china-premier-li-keqiang-march-11-2021-reuters-1615466926127.jpg",
            "publishedAt": "2021-03-11T12:55:12Z",
            "content": "Chinese Premier Li Keqiang on Thursday, March 11, defended the government's target for more than 6% economic growth this year, saying it is \"not low,\" and policies would not be dramatically loosened … [+22 chars]"
        },
        {
            "source": {
                "id": null,
                "name": "Rappler"
            },
            "author": "Reuters",
            "title": "Norwegian Air makes final restructuring offer to creditors",
            "description": "Norwegian Air would be able to raise new capital and emerge from bankruptcy protection in Ireland and Norway if creditors and Ireland's High Court approve the restructuring plan",
            "url": "https://www.rappler.com/business/norwegian-air-makes-final-restructuring-offer-creditors",
            "urlToImage": "https://assets2.rappler.com/2021/03/norwegian-air-november-7-2019-reuters-1615465773483.jpg",
            "publishedAt": "2021-03-11T12:40:08Z",
            "content": "Financed largely by debt, Norwegian had grown rapidly to become a major carrier by the time of the COVID-19 outbreak, serving routes across Europe and flying to North and South America, Southeast Asi… [+22 chars]"
        },
        {
            "source": {
                "id": null,
                "name": "Rappler"
            },
            "author": "Reuters",
            "title": "‘As long as it lasts’: Rolls-Royce says it can weather crisis despite record loss",
            "description": "Rolls-Royce suffers a record $5.6-billion loss for 2020, but says its cash burn is 'under control'",
            "url": "https://www.rappler.com/business/rolls-royce-earnings-report-january-december-2020",
            "urlToImage": "https://assets2.rappler.com/2021/03/rolls-royce-november-15-2019-reuters-1615463927794.jpg",
            "publishedAt": "2021-03-11T12:15:12Z",
            "content": "Rolls, founded in 1906 and one of the last vestiges of Britain's once mighty manufacturing industry, posted an underlying pretax loss of 4 billion pounds for 2020, worse than analyst expectations for… [+69 chars]"
        },
        {
            "source": {
                "id": null,
                "name": "Rappler"
            },
            "author": "Reuters",
            "title": "Budget airlines say EU sustainable fuel quotas should apply to all flights",
            "description": "Long-haul trips to and from Europe should also be covered by targets on sustainable aviation fuels, budget airlines tell the European Commission",
            "url": "https://www.rappler.com/business/budget-airlines-say-european-union-sustainable-fuel-quotas-should-apply-all-flights",
            "urlToImage": "https://assets2.rappler.com/2021/03/ryanair-easyjet-june-28-2016-reuters-1615473950533.jpg",
            "publishedAt": "2021-03-11T11:30:56Z",
            "content": "A group of budget airlines, which do not compete in long-haul markets, and environmental groups wrote to the commission on Wednesday, March 10, asking that any SAF quotas apply not only to flights in… [+63 chars]"
        },
        {
            "source": {
                "id": null,
                "name": "Rappler"
            },
            "author": "Ralf Rivas",
            "title": "San Miguel posts 55% income drop in 2020, banks on vaccines for recovery",
            "description": "'There are still so many challenges ahead – and a lot of uncertainty. But we believe our economic recovery is underway as the vaccine rollout gathers pace,' says San Miguel president and COO Ramon Ang",
            "url": "https://www.rappler.com/business/san-miguel-corporation-earnings-report-january-december-2020",
            "urlToImage": "https://assets2.rappler.com/2021/03/san-miguel-corp-office-1615455178159.jpg",
            "publishedAt": "2021-03-11T10:00:09Z",
            "content": "\"Marketing promotions, thematic campaigns, coupled with the continued expansion of its distribution reach, helped drive growth. Total revenues reached P36.2 billion, up 25%, while operating income gr… [+23 chars]"
        },
        {
            "source": {
                "id": null,
                "name": "Rappler"
            },
            "author": "Rappler.com",
            "title": "WATCH: 'Rurouni Kenshin: The Final' reveals full trailer",
            "description": "WATCH: 'Rurouni Kenshin: The Final' reveals full trailerrappler.com",
            "url": "https://www.rappler.com/entertainment/movies/rorouni-kenshin-the-final-full-trailer",
            "urlToImage": "https://assets2.rappler.com/2021/03/Screen-Shot-2021-03-11-at-3.30.52-PM-1615447881962.png",
            "publishedAt": "2021-03-11T08:44:42Z",
            "content": "Actor Takeru Satoh reprises his role as the lead wandering swordsman, Kenshin Himura, while Japanese-American actor Mackenyu joins the cast as the new lead villain, Enishi Yukishiro. Original directo… [+59 chars]"
        },
        {
            "source": {
                "id": null,
                "name": "Rappler"
            },
            "author": "Reuters",
            "title": "Australia unveils $928-million COVID-19 stimulus package for tourism industry",
            "description": "The stimulus package includes airline ticket subsidies for travelers, cheap loans to small tour companies, and financial aid for Qantas Airways and Virgin Australia",
            "url": "https://www.rappler.com/business/australia-unveils-covid-19-stimulus-package-tourism-industry-march-2021",
            "urlToImage": "https://assets2.rappler.com/2021/03/australia-tourism-june-5-2020-reuters-1615450265345.jpg",
            "publishedAt": "2021-03-11T08:15:29Z",
            "content": "The 50% subsidies on some 800,000 plane tickets will be focused on destinations that usually rely heavily on foreign tourists, including Alice Springs and Kangaroo Island, and will be available from … [+29 chars]"
        }
    ]
}